[
  {
    "name": "Aatrox",
    "championId": "TFT4_Aatrox",
    "cost": 4,
    "traits": [
      "Cultist",
      "Set4_Vanguard"
    ]
  },
  {
    "name": "Akali",
    "championId": "TFT4_Akali",
    "cost": 3,
    "traits": [
      "Set4_Ninja",
      "Set4_Assassin"
    ]
  },
  {
    "name": "Annie",
    "championId": "TFT4_Annie",
    "cost": 2,
    "traits": [
      "Fortune",
      "Set4_Mage"
    ]
  },
  {
    "name": "Aurelion Sol",
    "championId": "TFT4_AurelionSol",
    "cost": 4,
    "traits": [
      "Set4_Dragonsoul",
      "Set4_Mage"
    ]
  },
  {
    "name": "Azir",
    "championId": "TFT4_Azir",
    "cost": 5,
    "traits": [
      "Warlord",
      "Keeper",
      "Emperor"
    ]
  },
  {
    "name": "Brand",
    "championId": "TFT4_Brand",
    "cost": 1,
    "traits": [
      "Set4_Dragonsoul",
      "Set4_Mage"
    ]
  },
  {
    "name": "Braum",
    "championId": "TFT4_Braum",
    "cost": 2,
    "traits": [
      "Set4_Dragonsoul",
      "Set4_Vanguard"
    ]
  },
  {
    "name": "Cho'Gath",
    "championId": "TFT4_ChoGath",
    "cost": 4,
    "traits": [
      "Set4_Fabled",
      "Set4_Brawler"
    ]
  },
  {
    "name": "Darius",
    "championId": "TFT4_Darius",
    "cost": 3,
    "traits": [
      "Fortune",
      "Set4_Slayer"
    ]
  },
  {
    "name": "Diana",
    "championId": "TFT4b_Diana",
    "cost": 1,
    "traits": [
      "Set4_Spirit",
      "Set4_Assassin"
    ]
  },
  {
    "name": "Elise",
    "championId": "TFT4_Elise",
    "cost": 1,
    "traits": [
      "Cultist",
      "Keeper"
    ]
  },
  {
    "name": "Fiora",
    "championId": "TFT4_Fiora",
    "cost": 1,
    "traits": [
      "Set4_Enlightened",
      "Duelist"
    ]
  },
  {
    "name": "Garen",
    "championId": "TFT4_Garen",
    "cost": 1,
    "traits": [
      "Warlord",
      "Set4_Vanguard"
    ]
  },
  {
    "name": "Irelia",
    "championId": "TFT4_Irelia",
    "cost": 3,
    "traits": [
      "Set4_Enlightened",
      "Divine",
      "Set4_Adept"
    ]
  },
  {
    "name": "Janna",
    "championId": "TFT4_Janna",
    "cost": 2,
    "traits": [
      "Set4_Enlightened",
      "Set4_Mystic"
    ]
  },
  {
    "name": "Jarvan IV",
    "championId": "TFT4_JarvanIV",
    "cost": 2,
    "traits": [
      "Warlord",
      "Keeper"
    ]
  },
  {
    "name": "Jax",
    "championId": "TFT4_Jax",
    "cost": 2,
    "traits": [
      "Divine",
      "Duelist"
    ]
  },
  {
    "name": "Kalista",
    "championId": "TFT4_Kalista",
    "cost": 3,
    "traits": [
      "Cultist",
      "Duelist"
    ]
  },
  {
    "name": "Katarina",
    "championId": "TFT4_Katarina",
    "cost": 3,
    "traits": [
      "Warlord",
      "Fortune",
      "Set4_Assassin"
    ]
  },
  {
    "name": "Kayle",
    "championId": "TFT4_Kayle",
    "cost": 4,
    "traits": [
      "Divine",
      "Set4_Executioner"
    ]
  },
  {
    "name": "Kennen",
    "championId": "TFT4_Kennen",
    "cost": 3,
    "traits": [
      "Set4_Ninja",
      "Keeper"
    ]
  },
  {
    "name": "Kindred",
    "championId": "TFT4b_Kindred",
    "cost": 3,
    "traits": [
      "Set4_Spirit",
      "Set4_Executioner"
    ]
  },
  {
    "name": "Lee Sin",
    "championId": "TFT4_LeeSin",
    "cost": 5,
    "traits": [
      "Divine",
      "Duelist"
    ]
  },
  {
    "name": "Lulu",
    "championId": "TFT4_Lulu",
    "cost": 2,
    "traits": [
      "Set4_Elderwood",
      "Set4_Mage"
    ]
  },
  {
    "name": "Maokai",
    "championId": "TFT4_Maokai",
    "cost": 1,
    "traits": [
      "Set4_Elderwood",
      "Set4_Brawler"
    ]
  },
  {
    "name": "Morgana",
    "championId": "TFT4b_Morgana",
    "cost": 4,
    "traits": [
      "Set4_Enlightened",
      "Set4_Syphoner"
    ]
  },
  {
    "name": "Nasus",
    "championId": "TFT4_Nasus",
    "cost": 1,
    "traits": [
      "Divine",
      "Set4_Syphoner"
    ]
  },
  {
    "name": "Nautilus",
    "championId": "TFT4_Nautilus",
    "cost": 2,
    "traits": [
      "Set4_Fabled",
      "Set4_Vanguard"
    ]
  },
  {
    "name": "Neeko",
    "championId": "TFT4_Neeko",
    "cost": 3,
    "traits": [
      "Set4_Fabled",
      "Set4_Mystic"
    ]
  },
  {
    "name": "Nidalee",
    "championId": "TFT4_Nidalee",
    "cost": 1,
    "traits": [
      "Warlord",
      "Sharpshooter"
    ]
  },
  {
    "name": "Nunu & Willump",
    "championId": "TFT4_Nunu",
    "cost": 3,
    "traits": [
      "Set4_Elderwood",
      "Set4_Brawler"
    ]
  },
  {
    "name": "Olaf",
    "championId": "TFT4_Olaf",
    "cost": 4,
    "traits": [
      "Set4_Dragonsoul",
      "Set4_Slayer"
    ]
  },
  {
    "name": "Ornn",
    "championId": "TFT4_Ornn",
    "cost": 5,
    "traits": [
      "Set4_Elderwood",
      "Set4_Vanguard",
      "Set4_Blacksmith"
    ]
  },
  {
    "name": "Pyke",
    "championId": "TFT4_Pyke",
    "cost": 2,
    "traits": [
      "Cultist",
      "Set4_Assassin",
      "Set4_Slayer"
    ]
  },
  {
    "name": "Rakan",
    "championId": "TFT4_Rakan",
    "cost": 2,
    "traits": [
      "Set4_Elderwood",
      "Keeper"
    ]
  },
  {
    "name": "Samira",
    "championId": "TFT4_Samira",
    "cost": 5,
    "traits": [
      "Set4_Daredevil",
      "Sharpshooter",
      "Set4_Slayer"
    ]
  },
  {
    "name": "Sejuani",
    "championId": "TFT4_Sejuani",
    "cost": 4,
    "traits": [
      "Fortune",
      "Set4_Vanguard"
    ]
  },
  {
    "name": "Sett",
    "championId": "TFT4_Sett",
    "cost": 5,
    "traits": [
      "Boss",
      "Set4_Brawler"
    ]
  },
  {
    "name": "Shen",
    "championId": "TFT4_Shen",
    "cost": 4,
    "traits": [
      "Set4_Ninja",
      "Set4_Adept",
      "Set4_Mystic"
    ]
  },
  {
    "name": "Shyvana",
    "championId": "TFT4_Shyvana",
    "cost": 3,
    "traits": [
      "Set4_Dragonsoul",
      "Set4_Brawler"
    ]
  },
  {
    "name": "Sivir",
    "championId": "TFT4_Sivir",
    "cost": 3,
    "traits": [
      "Cultist",
      "Sharpshooter"
    ]
  },
  {
    "name": "Swain",
    "championId": "TFT4_Swain",
    "cost": 5,
    "traits": [
      "Set4_Dragonsoul",
      "Set4_Syphoner"
    ]
  },
  {
    "name": "Tahm Kench",
    "championId": "TFT4_TahmKench",
    "cost": 1,
    "traits": [
      "Fortune",
      "Set4_Brawler"
    ]
  },
  {
    "name": "Talon",
    "championId": "TFT4_Talon",
    "cost": 4,
    "traits": [
      "Set4_Enlightened",
      "Set4_Assassin"
    ]
  },
  {
    "name": "Teemo",
    "championId": "TFT4_Teemo",
    "cost": 2,
    "traits": [
      "Set4_Spirit",
      "Sharpshooter"
    ]
  },
  {
    "name": "Tristana",
    "championId": "TFT4_Tristana",
    "cost": 1,
    "traits": [
      "Set4_Dragonsoul",
      "Sharpshooter"
    ]
  },
  {
    "name": "Tryndamere",
    "championId": "TFT4_Tryndamere",
    "cost": 4,
    "traits": [
      "Warlord",
      "Set4_Slayer",
      "Duelist"
    ]
  },
  {
    "name": "Twisted Fate",
    "championId": "TFT4_TwistedFate",
    "cost": 1,
    "traits": [
      "Cultist",
      "Set4_Mage"
    ]
  },
  {
    "name": "Veigar",
    "championId": "TFT4_Veigar",
    "cost": 3,
    "traits": [
      "Set4_Elderwood",
      "Set4_Mage"
    ]
  },
  {
    "name": "Vi",
    "championId": "TFT4_Vi",
    "cost": 2,
    "traits": [
      "Warlord",
      "Set4_Brawler"
    ]
  },
  {
    "name": "Vladimir",
    "championId": "TFT4_Vladimir",
    "cost": 2,
    "traits": [
      "Cultist",
      "Set4_Syphoner"
    ]
  },
  {
    "name": "Wukong",
    "championId": "TFT4_Wukong",
    "cost": 1,
    "traits": [
      "Divine",
      "Set4_Vanguard"
    ]
  },
  {
    "name": "Xayah",
    "championId": "TFT4_Xayah",
    "cost": 4,
    "traits": [
      "Set4_Elderwood",
      "Set4_Executioner",
      "Keeper"
    ]
  },
  {
    "name": "Yasuo",
    "championId": "TFT4_Yasuo",
    "cost": 1,
    "traits": [
      "Set4_Exile",
      "Duelist"
    ]
  },
  {
    "name": "Yone",
    "championId": "TFT4_Yone",
    "cost": 5,
    "traits": [
      "Set4_Exile",
      "Set4_Adept"
    ]
  },
  {
    "name": "Yuumi",
    "championId": "TFT4_Yuumi",
    "cost": 3,
    "traits": [
      "Set4_Spirit",
      "Set4_Mystic"
    ]
  },
  {
    "name": "Zed",
    "championId": "TFT4b_Zed",
    "cost": 2,
    "traits": [
      "Set4_Ninja",
      "Set4_Slayer"
    ]
  },
  {
    "name": "Zilean",
    "championId": "TFT4_Zilean",
    "cost": 5,
    "traits": [
      "Cultist",
      "Set4_Mystic"
    ]
  }
]