{
  "champions": [
    {
      "championId": "TFT4_Aatrox",
      "name": "Aatrox",
      "cost": 4,
      "traits": [
        "Cultist",
        "Set4_Vanguard"
      ],
      "games": 0,
      "gamesPercent": 0.0,
      "wins": 0,
      "winsPercent": 0.0,
      "top4": 0,
      "top4Percent": 0.0
    },
    {
      "championId": "TFT4_Akali",
      "name": "Akali",
      "cost": 3,
      "traits": [
        "Set4_Ninja",
        "Set4_Assassin"
      ],
      "games": 1,
      "gamesPercent": 0.0,
      "wins": 0,
      "winsPercent": 0.0,
      "top4": 0,
      "top4Percent": 0.0
    },
    {
      "championId": "TFT4_Annie",
      "name": "Annie",
      "cost": 2,
      "traits": [
        "Fortune",
        "Set4_Mage"
      ],
      "games": 0,
      "gamesPercent": 0.0,
      "wins": 0,
      "winsPercent": 0.0,
      "top4": 0,
      "top4Percent": 0.0
    },
    {
      "championId": "TFT4_AurelionSol",
      "name": "Aurelion Sol",
      "cost": 4,
      "traits": [
        "Set4_Dragonsoul",
        "Set4_Mage"
      ],
      "games": 0,
      "gamesPercent": 0.0,
      "wins": 0,
      "winsPercent": 0.0,
      "top4": 0,
      "top4Percent": 0.0
    },
    {
      "championId": "TFT4_Azir",
      "name": "Azir",
      "cost": 5,
      "traits": [
        "Warlord",
        "Keeper",
        "Emperor"
      ],
      "games": 0,
      "gamesPercent": 0.0,
      "wins": 0,
      "winsPercent": 0.0,
      "top4": 0,
      "top4Percent": 0.0
    },
    {
      "championId": "TFT4_Brand",
      "name": "Brand",
      "cost": 1,
      "traits": [
        "Set4_Dragonsoul",
        "Set4_Mage"
      ],
      "games": 3,
      "gamesPercent": 0.0,
      "wins": 0,
      "winsPercent": 0.0,
      "top4": 0,
      "top4Percent": 0.0
    },
    {
      "championId": "TFT4_Braum",
      "name": "Braum",
      "cost": 2,
      "traits": [
        "Set4_Dragonsoul",
        "Set4_Vanguard"
      ],
      "games": 3,
      "gamesPercent": 0.0,
      "wins": 0,
      "winsPercent": 0.0,
      "top4": 0,
      "top4Percent": 0.0
    },
    {
      "championId": "TFT4_ChoGath",
      "name": "Cho'Gath",
      "cost": 4,
      "traits": [
        "Set4_Fabled",
        "Set4_Brawler"
      ],
      "games": 0,
      "gamesPercent": 0.0,
      "wins": 0,
      "winsPercent": 0.0,
      "top4": 0,
      "top4Percent": 0.0
    },
    {
      "championId": "TFT4_Darius",
      "name": "Darius",
      "cost": 3,
      "traits": [
        "Fortune",
        "Set4_Slayer"
      ],
      "games": 1,
      "gamesPercent": 0.0,
      "wins": 0,
      "winsPercent": 0.0,
      "top4": 0,
      "top4Percent": 0.0
    },
    {
      "championId": "TFT4b_Diana",
      "name": "Diana",
      "cost": 1,
      "traits": [
        "Set4_Spirit",
        "Set4_Assassin"
      ],
      "games": 0,
      "gamesPercent": 0.0,
      "wins": 0,
      "winsPercent": 0.0,
      "top4": 0,
      "top4Percent": 0.0
    },
    {
      "championId": "TFT4_Elise",
      "name": "Elise",
      "cost": 1,
      "traits": [
        "Cultist",
        "Keeper"
      ],
      "games": 0,
      "gamesPercent": 0.0,
      "wins": 0,
      "winsPercent": 0.0,
      "top4": 0,
      "top4Percent": 0.0
    },
    {
      "championId": "TFT4_Fiora",
      "name": "Fiora",
      "cost": 1,
      "traits": [
        "Set4_Enlightened",
        "Duelist"
      ],
      "games": 0,
      "gamesPercent": 0.0,
      "wins": 0,
      "winsPercent": 0.0,
      "top4": 0,
      "top4Percent": 0.0
    },
    {
      "championId": "TFT4_Garen",
      "name": "Garen",
      "cost": 1,
      "traits": [
        "Warlord",
        "Set4_Vanguard"
      ],
      "games": 0,
      "gamesPercent": 0.0,
      "wins": 0,
      "winsPercent": 0.0,
      "top4": 0,
      "top4Percent": 0.0
    },
    {
      "championId": "TFT4_Irelia",
      "name": "Irelia",
      "cost": 3,
      "traits": [
        "Set4_Enlightened",
        "Divine",
        "Set4_Adept"
      ],
      "games": 2,
      "gamesPercent": 0.0,
      "wins": 0,
      "winsPercent": 0.0,
      "top4": 0,
      "top4Percent": 0.0
    },
    {
      "championId": "TFT4_Janna",
      "name": "Janna",
      "cost": 2,
      "traits": [
        "Set4_Enlightened",
        "Set4_Mystic"
      ],
      "games": 1,
      "gamesPercent": 0.0,
      "wins": 0,
      "winsPercent": 0.0,
      "top4": 0,
      "top4Percent": 0.0
    },
    {
      "championId": "TFT4_JarvanIV",
      "name": "Jarvan IV",
      "cost": 2,
      "traits": [
        "Warlord",
        "Keeper"
      ],
      "games": 0,
      "gamesPercent": 0.0,
      "wins": 0,
      "winsPercent": 0.0,
      "top4": 0,
      "top4Percent": 0.0
    },
    {
      "championId": "TFT4_Jax",
      "name": "Jax",
      "cost": 2,
      "traits": [
        "Divine",
        "Duelist"
      ],
      "games": 1,
      "gamesPercent": 0.0,
      "wins": 0,
      "winsPercent": 0.0,
      "top4": 0,
      "top4Percent": 0.0
    },
    {
      "championId": "TFT4_Kalista",
      "name": "Kalista",
      "cost": 3,
      "traits": [
        "Cultist",
        "Duelist"
      ],
      "games": 1,
      "gamesPercent": 0.0,
      "wins": 0,
      "winsPercent": 0.0,
      "top4": 0,
      "top4Percent": 0.0
    },
    {
      "championId": "TFT4_Katarina",
      "name": "Katarina",
      "cost": 3,
      "traits": [
        "Warlord",
        "Fortune",
        "Set4_Assassin"
      ],
      "games": 1,
      "gamesPercent": 0.0,
      "wins": 0,
      "winsPercent": 0.0,
      "top4": 0,
      "top4Percent": 0.0
    },
    {
      "championId": "TFT4_Kayle",
      "name": "Kayle",
      "cost": 4,
      "traits": [
        "Divine",
        "Set4_Executioner"
      ],
      "games": 0,
      "gamesPercent": 0.0,
      "wins": 0,
      "winsPercent": 0.0,
      "top4": 0,
      "top4Percent": 0.0
    },
    {
      "championId": "TFT4_Kennen",
      "name": "Kennen",
      "cost": 3,
      "traits": [
        "Set4_Ninja",
        "Keeper"
      ],
      "games": 0,
      "gamesPercent": 0.0,
      "wins": 0,
      "winsPercent": 0.0,
      "top4": 0,
      "top4Percent": 0.0
    },
    {
      "championId": "TFT4b_Kindred",
      "name": "Kindred",
      "cost": 3,
      "traits": [
        "Set4_Spirit",
        "Set4_Executioner"
      ],
      "games": 0,
      "gamesPercent": 0.0,
      "wins": 0,
      "winsPercent": 0.0,
      "top4": 0,
      "top4Percent": 0.0
    },
    {
      "championId": "TFT4_LeeSin",
      "name": "Lee Sin",
      "cost": 5,
      "traits": [
        "Divine",
        "Duelist"
      ],
      "games": 0,
      "gamesPercent": 0.0,
      "wins": 0,
      "winsPercent": 0.0,
      "top4": 0,
      "top4Percent": 0.0
    },
    {
      "championId": "TFT4_Lulu",
      "name": "Lulu",
      "cost": 2,
      "traits": [
        "Set4_Elderwood",
        "Set4_Mage"
      ],
      "games": 2,
      "gamesPercent": 0.0,
      "wins": 0,
      "winsPercent": 0.0,
      "top4": 0,
      "top4Percent": 0.0
    },
    {
      "championId": "TFT4_Maokai",
      "name": "Maokai",
      "cost": 1,
      "traits": [
        "Set4_Elderwood",
        "Set4_Brawler"
      ],
      "games": 0,
      "gamesPercent": 0.0,
      "wins": 0,
      "winsPercent": 0.0,
      "top4": 0,
      "top4Percent": 0.0
    },
    {
      "championId": "TFT4b_Morgana",
      "name": "Morgana",
      "cost": 4,
      "traits": [
        "Set4_Enlightened",
        "Set4_Syphoner"
      ],
      "games": 0,
      "gamesPercent": 0.0,
      "wins": 0,
      "winsPercent": 0.0,
      "top4": 0,
      "top4Percent": 0.0
    },
    {
      "championId": "TFT4_Nasus",
      "name": "Nasus",
      "cost": 1,
      "traits": [
        "Divine",
        "Set4_Syphoner"
      ],
      "games": 5,
      "gamesPercent": 0.0,
      "wins": 0,
      "winsPercent": 0.0,
      "top4": 0,
      "top4Percent": 0.0
    },
    {
      "championId": "TFT4_Nautilus",
      "name": "Nautilus",
      "cost": 2,
      "traits": [
        "Set4_Fabled",
        "Set4_Vanguard"
      ],
      "games": 3,
      "gamesPercent": 0.0,
      "wins": 0,
      "winsPercent": 0.0,
      "top4": 0,
      "top4Percent": 0.0
    },
    {
      "championId": "TFT4_Neeko",
      "name": "Neeko",
      "cost": 3,
      "traits": [
        "Set4_Fabled",
        "Set4_Mystic"
      ],
      "games": 1,
      "gamesPercent": 0.0,
      "wins": 0,
      "winsPercent": 0.0,
      "top4": 0,
      "top4Percent": 0.0
    },
    {
      "championId": "TFT4_Nidalee",
      "name": "Nidalee",
      "cost": 1,
      "traits": [
        "Warlord",
        "Sharpshooter"
      ],
      "games": 1,
      "gamesPercent": 0.0,
      "wins": 0,
      "winsPercent": 0.0,
      "top4": 0,
      "top4Percent": 0.0
    },
    {
      "championId": "TFT4_Nunu",
      "name": "Nunu & Willump",
      "cost": 3,
      "traits": [
        "Set4_Elderwood",
        "Set4_Brawler"
      ],
      "games": 1,
      "gamesPercent": 0.0,
      "wins": 0,
      "winsPercent": 0.0,
      "top4": 0,
      "top4Percent": 0.0
    },
    {
      "championId": "TFT4_Olaf",
      "name": "Olaf",
      "cost": 4,
      "traits": [
        "Set4_Dragonsoul",
        "Set4_Slayer"
      ],
      "games": 1,
      "gamesPercent": 0.0,
      "wins": 0,
      "winsPercent": 0.0,
      "top4": 0,
      "top4Percent": 0.0
    },
    {
      "championId": "TFT4_Ornn",
      "name": "Ornn",
      "cost": 5,
      "traits": [
        "Set4_Elderwood",
        "Set4_Vanguard",
        "Set4_Blacksmith"
      ],
      "games": 0,
      "gamesPercent": 0.0,
      "wins": 0,
      "winsPercent": 0.0,
      "top4": 0,
      "top4Percent": 0.0
    },
    {
      "championId": "TFT4_Pyke",
      "name": "Pyke",
      "cost": 2,
      "traits": [
        "Cultist",
        "Set4_Assassin",
        "Set4_Slayer"
      ],
      "games": 1,
      "gamesPercent": 0.0,
      "wins": 0,
      "winsPercent": 0.0,
      "top4": 0,
      "top4Percent": 0.0
    },
    {
      "championId": "TFT4_Rakan",
      "name": "Rakan",
      "cost": 2,
      "traits": [
        "Set4_Elderwood",
        "Keeper"
      ],
      "games": 0,
      "gamesPercent": 0.0,
      "wins": 0,
      "winsPercent": 0.0,
      "top4": 0,
      "top4Percent": 0.0
    },
    {
      "championId": "TFT4_Samira",
      "name": "Samira",
      "cost": 5,
      "traits": [
        "Set4_Daredevil",
        "Sharpshooter",
        "Set4_Slayer"
      ],
      "games": 0,
      "gamesPercent": 0.0,
      "wins": 0,
      "winsPercent": 0.0,
      "top4": 0,
      "top4Percent": 0.0
    },
    {
      "championId": "TFT4_Sejuani",
      "name": "Sejuani",
      "cost": 4,
      "traits": [
        "Fortune",
        "Set4_Vanguard"
      ],
      "games": 0,
      "gamesPercent": 0.0,
      "wins": 0,
      "winsPercent": 0.0,
      "top4": 0,
      "top4Percent": 0.0
    },
    {
      "championId": "TFT4_Sett",
      "name": "Sett",
      "cost": 5,
      "traits": [
        "Boss",
        "Set4_Brawler"
      ],
      "games": 0,
      "gamesPercent": 0.0,
      "wins": 0,
      "winsPercent": 0.0,
      "top4": 0,
      "top4Percent": 0.0
    },
    {
      "championId": "TFT4_Shen",
      "name": "Shen",
      "cost": 4,
      "traits": [
        "Set4_Ninja",
        "Set4_Adept",
        "Set4_Mystic"
      ],
      "games": 1,
      "gamesPercent": 0.0,
      "wins": 0,
      "winsPercent": 0.0,
      "top4": 0,
      "top4Percent": 0.0
    },
    {
      "championId": "TFT4_Shyvana",
      "name": "Shyvana",
      "cost": 3,
      "traits": [
        "Set4_Dragonsoul",
        "Set4_Brawler"
      ],
      "games": 4,
      "gamesPercent": 0.0,
      "wins": 0,
      "winsPercent": 0.0,
      "top4": 0,
      "top4Percent": 0.0
    },
    {
      "championId": "TFT4_Sivir",
      "name": "Sivir",
      "cost": 3,
      "traits": [
        "Cultist",
        "Sharpshooter"
      ],
      "games": 0,
      "gamesPercent": 0.0,
      "wins": 0,
      "winsPercent": 0.0,
      "top4": 0,
      "top4Percent": 0.0
    },
    {
      "championId": "TFT4_Swain",
      "name": "Swain",
      "cost": 5,
      "traits": [
        "Set4_Dragonsoul",
        "Set4_Syphoner"
      ],
      "games": 0,
      "gamesPercent": 0.0,
      "wins": 0,
      "winsPercent": 0.0,
      "top4": 0,
      "top4Percent": 0.0
    },
    {
      "championId": "TFT4_TahmKench",
      "name": "Tahm Kench",
      "cost": 1,
      "traits": [
        "Fortune",
        "Set4_Brawler"
      ],
      "games": 1,
      "gamesPercent": 0.0,
      "wins": 0,
      "winsPercent": 0.0,
      "top4": 0,
      "top4Percent": 0.0
    },
    {
      "championId": "TFT4_Talon",
      "name": "Talon",
      "cost": 4,
      "traits": [
        "Set4_Enlightened",
        "Set4_Assassin"
      ],
      "games": 0,
      "gamesPercent": 0.0,
      "wins": 0,
      "winsPercent": 0.0,
      "top4": 0,
      "top4Percent": 0.0
    },
    {
      "championId": "TFT4_Teemo",
      "name": "Teemo",
      "cost": 2,
      "traits": [
        "Set4_Spirit",
        "Sharpshooter"
      ],
      "games": 0,
      "gamesPercent": 0.0,
      "wins": 0,
      "winsPercent": 0.0,
      "top4": 0,
      "top4Percent": 0.0
    },
    {
      "championId": "TFT4_Tristana",
      "name": "Tristana",
      "cost": 1,
      "traits": [
        "Set4_Dragonsoul",
        "Sharpshooter"
      ],
      "games": 2,
      "gamesPercent": 0.0,
      "wins": 0,
      "winsPercent": 0.0,
      "top4": 0,
      "top4Percent": 0.0
    },
    {
      "championId": "TFT4_Tryndamere",
      "name": "Tryndamere",
      "cost": 4,
      "traits": [
        "Warlord",
        "Set4_Slayer",
        "Duelist"
      ],
      "games": 0,
      "gamesPercent": 0.0,
      "wins": 0,
      "winsPercent": 0.0,
      "top4": 0,
      "top4Percent": 0.0
    },
    {
      "championId": "TFT4_TwistedFate",
      "name": "Twisted Fate",
      "cost": 1,
      "traits": [
        "Cultist",
        "Set4_Mage"
      ],
      "games": 2,
      "gamesPercent": 0.0,
      "wins": 0,
      "winsPercent": 0.0,
      "top4": 0,
      "top4Percent": 0.0
    },
    {
      "championId": "TFT4_Veigar",
      "name": "Veigar",
      "cost": 3,
      "traits": [
        "Set4_Elderwood",
        "Set4_Mage"
      ],
      "games": 0,
      "gamesPercent": 0.0,
      "wins": 0,
      "winsPercent": 0.0,
      "top4": 0,
      "top4Percent": 0.0
    },
    {
      "championId": "TFT4_Vi",
      "name": "Vi",
      "cost": 2,
      "traits": [
        "Warlord",
        "Set4_Brawler"
      ],
      "games": 0,
      "gamesPercent": 0.0,
      "wins": 0,
      "winsPercent": 0.0,
      "top4": 0,
      "top4Percent": 0.0
    },
    {
      "championId": "TFT4_Vladimir",
      "name": "Vladimir",
      "cost": 2,
      "traits": [
        "Cultist",
        "Set4_Syphoner"
      ],
      "games": 2,
      "gamesPercent": 0.0,
      "wins": 0,
      "winsPercent": 0.0,
      "top4": 0,
      "top4Percent": 0.0
    },
    {
      "championId": "TFT4_Wukong",
      "name": "Wukong",
      "cost": 1,
      "traits": [
        "Divine",
        "Set4_Vanguard"
      ],
      "games": 2,
      "gamesPercent": 0.0,
      "wins": 0,
      "winsPercent": 0.0,
      "top4": 0,
      "top4Percent": 0.0
    },
    {
      "championId": "TFT4_Xayah",
      "name": "Xayah",
      "cost": 4,
      "traits": [
        "Set4_Elderwood",
        "Set4_Executioner",
        "Keeper"
      ],
      "games": 0,
      "gamesPercent": 0.0,
      "wins": 0,
      "winsPercent": 0.0,
      "top4": 0,
      "top4Percent": 0.0
    },
    {
      "championId": "TFT4_Yasuo",
      "name": "Yasuo",
      "cost": 1,
      "traits": [
        "Set4_Exile",
        "Duelist"
      ],
      "games": 0,
      "gamesPercent": 0.0,
      "wins": 0,
      "winsPercent": 0.0,
      "top4": 0,
      "top4Percent": 0.0
    },
    {
      "championId": "TFT4_Yone",
      "name": "Yone",
      "cost": 5,
      "traits": [
        "Set4_Exile",
        "Set4_Adept"
      ],
      "games": 0,
      "gamesPercent": 0.0,
      "wins": 0,
      "winsPercent": 0.0,
      "top4": 0,
      "top4Percent": 0.0
    },
    {
      "championId": "TFT4_Yuumi",
      "name": "Yuumi",
      "cost": 3,
      "traits": [
        "Set4_Spirit",
        "Set4_Mystic"
      ],
      "games": 0,
      "gamesPercent": 0.0,
      "wins": 0,
      "winsPercent": 0.0,
      "top4": 0,
      "top4Percent": 0.0
    },
    {
      "championId": "TFT4b_Zed",
      "name": "Zed",
      "cost": 2,
      "traits": [
        "Set4_Ninja",
        "Set4_Slayer"
      ],
      "games": 1,
      "gamesPercent": 0.0,
      "wins": 0,
      "winsPercent": 0.0,
      "top4": 0,
      "top4Percent": 0.0
    },
    {
      "championId": "TFT4_Zilean",
      "name": "Zilean",
      "cost": 5,
      "traits": [
        "Cultist",
        "Set4_Mystic"
      ],
      "games": 0,
      "gamesPercent": 0.0,
      "wins": 0,
      "winsPercent": 0.0,
      "top4": 0,
      "top4Percent": 0.0
    }
  ],
  "classes": [
    {
      "key": "Set4_Adept",
      "name": "Adept",
      "games": 1,
      "gamesPercent": 0.0,
      "wins": 0,
      "winsPercent": 0.0,
      "top4": 0,
      "top4Percent": 0.0,
      "sets": [
        {
          "style": "bronze",
          "wins": 0,
          "top4": 0,
          "games": 1
        },
        {
          "style": "gold",
          "wins": 0,
          "top4": 0,
          "games": 0
        },
        {
          "style": "chromatic",
          "wins": 0,
          "top4": 0,
          "games": 0
        }
      ]
    },
    {
      "key": "Set4_Assassin",
      "name": "Assassin",
      "games": 1,
      "gamesPercent": 0.0,
      "wins": 0,
      "winsPercent": 0.0,
      "top4": 0,
      "top4Percent": 0.0,
      "sets": [
        {
          "style": "bronze",
          "wins": 0,
          "top4": 0,
          "games": 0
        },
        {
          "style": "gold",
          "wins": 0,
          "top4": 0,
          "games": 1
        },
        {
          "style": "chromatic",
          "wins": 0,
          "top4": 0,
          "games": 0
        }
      ]
    },
    {
      "key": "Set4_Blacksmith",
      "name": "Blacksmith",
      "games": 0,
      "gamesPercent": 0.0,
      "wins": 0,
      "winsPercent": 0.0,
      "top4": 0,
      "top4Percent": 0.0,
      "sets": [
        {
          "style": "gold",
          "wins": 0,
          "top4": 0,
          "games": 0
        }
      ]
    },
    {
      "key": "Set4_Brawler",
      "name": "Brawler",
      "games": 0,
      "gamesPercent": 0.0,
      "wins": 0,
      "winsPercent": 0.0,
      "top4": 0,
      "top4Percent": 0.0,
      "sets": [
        {
          "style": "bronze",
          "wins": 0,
          "top4": 0,
          "games": 0
        },
        {
          "style": "silver",
          "wins": 0,
          "top4": 0,
          "games": 0
        },
        {
          "style": "gold",
          "wins": 0,
          "top4": 0,
          "games": 0
        },
        {
          "style": "chromatic",
          "wins": 0,
          "top4": 0,
          "games": 0
        }
      ]
    },
    {
      "key": "Cultist",
      "name": "Cultist",
      "games": 0,
      "gamesPercent": 0.0,
      "wins": 0,
      "winsPercent": 0.0,
      "top4": 0,
      "top4Percent": 0.0,
      "sets": [
        {
          "style": "bronze",
          "wins": 0,
          "top4": 0,
          "games": 0
        },
        {
          "style": "gold",
          "wins": 0,
          "top4": 0,
          "games": 0
        },
        {
          "style": "chromatic",
          "wins": 0,
          "top4": 0,
          "games": 0
        }
      ]
    },
    {
      "key": "Set4_Daredevil",
      "name": "Daredevil",
      "games": 0,
      "gamesPercent": 0.0,
      "wins": 0,
      "winsPercent": 0.0,
      "top4": 0,
      "top4Percent": 0.0,
      "sets": [
        {
          "style": "gold",
          "wins": 0,
          "top4": 0,
          "games": 0
        }
      ]
    },
    {
      "key": "Divine",
      "name": "Divine",
      "games": 3,
      "gamesPercent": 0.0,
      "wins": 0,
      "winsPercent": 0.0,
      "top4": 0,
      "top4Percent": 0.0,
      "sets": [
        {
          "style": "bronze",
          "wins": 0,
          "top4": 0,
          "games": 2
        },
        {
          "style": "silver",
          "wins": 0,
          "top4": 0,
          "games": 1
        },
        {
          "style": "gold",
          "wins": 0,
          "top4": 0,
          "games": 0
        },
        {
          "style": "chromatic",
          "wins": 0,
          "top4": 0,
          "games": 0
        }
      ]
    },
    {
      "key": "Set4_Dragonsoul",
      "name": "Dragonsoul",
      "games": 4,
      "gamesPercent": 0.0,
      "wins": 0,
      "winsPercent": 0.0,
      "top4": 0,
      "top4Percent": 0.0,
      "sets": [
        {
          "style": "bronze",
          "wins": 0,
          "top4": 0,
          "games": 4
        },
        {
          "style": "gold",
          "wins": 0,
          "top4": 0,
          "games": 0
        },
        {
          "style": "chromatic",
          "wins": 0,
          "top4": 0,
          "games": 0
        }
      ]
    },
    {
      "key": "Duelist",
      "name": "Duelist",
      "games": 0,
      "gamesPercent": 0.0,
      "wins": 0,
      "winsPercent": 0.0,
      "top4": 0,
      "top4Percent": 0.0,
      "sets": [
        {
          "style": "bronze",
          "wins": 0,
          "top4": 0,
          "games": 0
        },
        {
          "style": "silver",
          "wins": 0,
          "top4": 0,
          "games": 0
        },
        {
          "style": "gold",
          "wins": 0,
          "top4": 0,
          "games": 0
        },
        {
          "style": "chromatic",
          "wins": 0,
          "top4": 0,
          "games": 0
        }
      ]
    },
    {
      "key": "Set4_Elderwood",
      "name": "Elderwood",
      "games": 0,
      "gamesPercent": 0.0,
      "wins": 0,
      "winsPercent": 0.0,
      "top4": 0,
      "top4Percent": 0.0,
      "sets": [
        {
          "style": "bronze",
          "wins": 0,
          "top4": 0,
          "games": 0
        },
        {
          "style": "gold",
          "wins": 0,
          "top4": 0,
          "games": 0
        },
        {
          "style": "chromatic",
          "wins": 0,
          "top4": 0,
          "games": 0
        }
      ]
    },
    {
      "key": "Emperor",
      "name": "Emperor",
      "games": 0,
      "gamesPercent": 0.0,
      "wins": 0,
      "winsPercent": 0.0,
      "top4": 0,
      "top4Percent": 0.0,
      "sets": [
        {
          "style": "gold",
          "wins": 0,
          "top4": 0,
          "games": 0
        }
      ]
    },
    {
      "key": "Set4_Enlightened",
      "name": "Enlightened",
      "games": 1,
      "gamesPercent": 0.0,
      "wins": 0,
      "winsPercent": 0.0,
      "top4": 0,
      "top4Percent": 0.0,
      "sets": [
        {
          "style": "bronze",
          "wins": 0,
          "top4": 0,
          "games": 1
        },
        {
          "style": "silver",
          "wins": 0,
          "top4": 0,
          "games": 0
        },
        {
          "style": "gold",
          "wins": 0,
          "top4": 0,
          "games": 0
        }
      ]
    },
    {
      "key": "Set4_Executioner",
      "name": "Executioner",
      "games": 0,
      "gamesPercent": 0.0,
      "wins": 0,
      "winsPercent": 0.0,
      "top4": 0,
      "top4Percent": 0.0,
      "sets": [
        {
          "style": "bronze",
          "wins": 0,
          "top4": 0,
          "games": 0
        },
        {
          "style": "gold",
          "wins": 0,
          "top4": 0,
          "games": 0
        },
        {
          "style": "chromatic",
          "wins": 0,
          "top4": 0,
          "games": 0
        }
      ]
    },
    {
      "key": "Set4_Exile",
      "name": "Exile",
      "games": 0,
      "gamesPercent": 0.0,
      "wins": 0,
      "winsPercent": 0.0,
      "top4": 0,
      "top4Percent": 0.0,
      "sets": [
        {
          "style": "bronze",
          "wins": 0,
          "top4": 0,
          "games": 0
        },
        {
          "style": "gold",
          "wins": 0,
          "top4": 0,
          "games": 0
        }
      ]
    },
    {
      "key": "Set4_Fabled",
      "name": "Fabled",
      "games": 0,
      "gamesPercent": 0.0,
      "wins": 0,
      "winsPercent": 0.0,
      "top4": 0,
      "top4Percent": 0.0,
      "sets": [
        {
          "style": "gold",
          "wins": 0,
          "top4": 0,
          "games": 0
        }
      ]
    },
    {
      "key": "Fortune",
      "name": "Fortune",
      "games": 1,
      "gamesPercent": 0.0,
      "wins": 0,
      "winsPercent": 0.0,
      "top4": 0,
      "top4Percent": 0.0,
      "sets": [
        {
          "style": "gold",
          "wins": 0,
          "top4": 0,
          "games": 1
        },
        {
          "style": "chromatic",
          "wins": 0,
          "top4": 0,
          "games": 0
        }
      ]
    },
    {
      "key": "Keeper",
      "name": "Keeper",
      "games": 0,
      "gamesPercent": 0.0,
      "wins": 0,
      "winsPercent": 0.0,
      "top4": 0,
      "top4Percent": 0.0,
      "sets": [
        {
          "style": "bronze",
          "wins": 0,
          "top4": 0,
          "games": 0
        },
        {
          "style": "gold",
          "wins": 0,
          "top4": 0,
          "games": 0
        },
        {
          "style": "chromatic",
          "wins": 0,
          "top4": 0,
          "games": 0
        }
      ]
    },
    {
      "key": "Set4_Mage",
      "name": "Mage",
      "games": 2,
      "gamesPercent": 0.0,
      "wins": 0,
      "winsPercent": 0.0,
      "top4": 0,
      "top4Percent": 0.0,
      "sets": [
        {
          "style": "bronze",
          "wins": 0,
          "top4": 0,
          "games": 2
        },
        {
          "style": "gold",
          "wins": 0,
          "top4": 0,
          "games": 0
        },
        {
          "style": "chromatic",
          "wins": 0,
          "top4": 0,
          "games": 0
        }
      ]
    },
    {
      "key": "Set4_Mystic",
      "name": "Mystic",
      "games": 1,
      "gamesPercent": 0.0,
      "wins": 0,
      "winsPercent": 0.0,
      "top4": 0,
      "top4Percent": 0.0,
      "sets": [
        {
          "style": "bronze",
          "wins": 0,
          "top4": 0,
          "games": 0
        },
        {
          "style": "gold",
          "wins": 0,
          "top4": 0,
          "games": 1
        },
        {
          "style": "chromatic",
          "wins": 0,
          "top4": 0,
          "games": 0
        }
      ]
    },
    {
      "key": "Set4_Ninja",
      "name": "Ninja",
      "games": 1,
      "gamesPercent": 0.0,
      "wins": 0,
      "winsPercent": 0.0,
      "top4": 0,
      "top4Percent": 0.0,
      "sets": [
        {
          "style": "bronze",
          "wins": 0,
          "top4": 0,
          "games": 1
        },
        {
          "style": "gold",
          "wins": 0,
          "top4": 0,
          "games": 0
        }
      ]
    },
    {
      "key": "Sharpshooter",
      "name": "Sharpshooter",
      "games": 1,
      "gamesPercent": 0.0,
      "wins": 0,
      "winsPercent": 0.0,
      "top4": 0,
      "top4Percent": 0.0,
      "sets": [
        {
          "style": "bronze",
          "wins": 0,
          "top4": 0,
          "games": 1
        },
        {
          "style": "gold",
          "wins": 0,
          "top4": 0,
          "games": 0
        },
        {
          "style": "chromatic",
          "wins": 0,
          "top4": 0,
          "games": 0
        }
      ]
    },
    {
      "key": "Set4_Slayer",
      "name": "Slayer",
      "games": 1,
      "gamesPercent": 0.0,
      "wins": 0,
      "winsPercent": 0.0,
      "top4": 0,
      "top4Percent": 0.0,
      "sets": [
        {
          "style": "bronze",
          "wins": 0,
          "top4": 0,
          "games": 1
        },
        {
          "style": "gold",
          "wins": 0,
          "top4": 0,
          "games": 0
        }
      ]
    },
    {
      "key": "Set4_Spirit",
      "name": "Spirit",
      "games": 0,
      "gamesPercent": 0.0,
      "wins": 0,
      "winsPercent": 0.0,
      "top4": 0,
      "top4Percent": 0.0,
      "sets": [
        {
          "style": "bronze",
          "wins": 0,
          "top4": 0,
          "games": 0
        },
        {
          "style": "gold",
          "wins": 0,
          "top4": 0,
          "games": 0
        }
      ]
    },
    {
      "key": "Set4_Syphoner",
      "name": "Syphoner",
      "games": 2,
      "gamesPercent": 0.0,
      "wins": 0,
      "winsPercent": 0.0,
      "top4": 0,
      "top4Percent": 0.0,
      "sets": [
        {
          "style": "bronze",
          "wins": 0,
          "top4": 0,
          "games": 2
        },
        {
          "style": "gold",
          "wins": 0,
          "top4": 0,
          "games": 0
        }
      ]
    },
    {
      "key": "Boss",
      "name": "The Boss",
      "games": 0,
      "gamesPercent": 0.0,
      "wins": 0,
      "winsPercent": 0.0,
      "top4": 0,
      "top4Percent": 0.0,
      "sets": [
        {
          "style": "gold",
          "wins": 0,
          "top4": 0,
          "games": 0
        }
      ]
    },
    {
      "key": "Set4_Vanguard",
      "name": "Vanguard",
      "games": 4,
      "gamesPercent": 0.0,
      "wins": 0,
      "winsPercent": 0.0,
      "top4": 0,
      "top4Percent": 0.0,
      "sets": [
        {
          "style": "bronze",
          "wins": 0,
          "top4": 0,
          "games": 4
        },
        {
          "style": "silver",
          "wins": 0,
          "top4": 0,
          "games": 0
        },
        {
          "style": "gold",
          "wins": 0,
          "top4": 0,
          "games": 0
        },
        {
          "style": "chromatic",
          "wins": 0,
          "top4": 0,
          "games": 0
        }
      ]
    },
    {
      "key": "Warlord",
      "name": "Warlord",
      "games": 0,
      "gamesPercent": 0.0,
      "wins": 0,
      "winsPercent": 0.0,
      "top4": 0,
      "top4Percent": 0.0,
      "sets": [
        {
          "style": "bronze",
          "wins": 0,
          "top4": 0,
          "games": 0
        },
        {
          "style": "gold",
          "wins": 0,
          "top4": 0,
          "games": 0
        },
        {
          "style": "chromatic",
          "wins": 0,
          "top4": 0,
          "games": 0
        }
      ]
    }
  ]
}
